date,maxtp,mintp,rain,people_vaccinated,total_boosters,congestion,C1_School closing,C2_Workplace closing,C3_Cancel public events,C4_Restrictions on gatherings,C5_Close public transport,C6_Stay at home requirements,C7_Restrictions on internal movement,C8_International travel controls,Retail and Recreation,Grocery and Pharmacy,Parks,Transit Stations,Workplaces,Residential,Daily_Confirmed,Wate Qty
7-Mar-20,13.8,5.8,0.5,0,0,30,0,0,0,0,0,0,0,0,-3,2,11,-3,0,1,0,47.4
8-Mar-20,11.2,5.2,2.7,0,0,24,0,0,0,0,0,0,0,0,-1,1,-2,-4,-1,0,1,12.82
9-Mar-20,12.2,4.8,7.3,0,0,53,0,0,0,0,0,0,0,0,-4,0,-18,-6,-1,2,1,58.66
10-Mar-20,12,5.1,2.4,0,0,55,0,0,0,0,0,0,0,0,1,11,8,-5,0,1,2,36.58
11-Mar-20,11.9,1.7,5.8,0,0,56,0,0,0,0,0,0,0,0,-5,10,-6,-11,-4,3,4,29.34
12-Mar-20,9.4,0.7,2.6,0,0,54,0,1,2,2,0,0,0,0,-7,37,-21,-17,-6,4,21,24.8
13-Mar-20,11.9,4.7,0.8,0,0,30,3,1,2,2,0,0,0,0,-22,13,3,-34,-30,14,8,53.8
14-Mar-20,13.1,5.2,2.3,0,0,18,3,1,2,2,0,0,0,0,-36,1,-12,-36,-14,9,14,28.24
15-Mar-20,10.4,2.6,0,0,0,16,3,1,2,4,0,0,0,0,-40,4,3,-39,-18,9,14,17.66
16-Mar-20,11.1,-1,0.1,0,0,22,3,1,2,4,0,0,0,0,-34,7,14,-50,-54,20,59,35.52
17-Mar-20,15.8,6.2,3.7,0,0,14,3,1,2,4,0,0,0,0,-59,-20,84,-65,-83,30,42,51.06
18-Mar-20,8.4,2.5,0,0,0,23,3,1,2,4,0,0,0,0,-51,-9,2,-57,-54,24,50,28.9
19-Mar-20,9.7,-1,0,0,0,22,3,1,2,4,0,0,0,0,-53,-10,19,-61,-56,26,90,49.94
20-Mar-20,9.1,-2,0,0,0,22,3,1,2,4,0,0,0,0,-57,-8,10,-64,-56,28,82,48.7
21-Mar-20,8.4,5.3,0,0,0,16,3,1,2,4,0,0,0,0,-62,-5,-10,-65,-44,18,67,39.72
22-Mar-20,11,0.6,0,0,0,17,3,1,2,4,0,0,0,0,-63,-12,16,-63,-44,14,62,7.3
23-Mar-20,15.5,0.4,0,0,0,19,3,1,2,4,0,0,0,0,-56,-21,1,-67,-60,26,122,50.16
24-Mar-20,14.2,6.6,0,0,0,20,3,1,2,4,0,0,0,0,-57,-9,9,-69,-62,27,114,46.14
25-Mar-20,16.1,5.1,0,0,0,19,3,1,2,4,0,0,0,0,-66,-17,19,-70,-64,29,143,55.88
26-Mar-20,13.1,3,0,0,0,19,3,1,2,4,0,1,1,0,-67,-17,10,-72,-65,30,145,48.62
27-Mar-20,10.6,3.3,0,0,0,19,3,3,2,4,2,1,1,0,-68,-14,-15,-74,-65,31,155,41.78
28-Mar-20,10.3,5,0,0,0,11,3,3,2,4,2,2,2,0,-82,-22,-61,-80,-59,23,155,0.78
29-Mar-20,7,0,0,0,0,8,3,3,2,4,2,2,2,0,-85,-35,-64,-82,-58,21,87,10.78
30-Mar-20,9.1,-1,0,0,0,14,3,3,2,4,2,2,2,0,-78,-31,-43,-81,-76,34,153,45.82
31-Mar-20,10.7,2.1,0,0,0,15,3,3,2,4,2,2,2,0,-77,-25,-23,-80,-77,34,190,37.58
1-Apr-20,11.2,5.2,0,0,0,15,3,3,2,4,2,2,2,0,-78,-26,-30,-81,-77,36,235,43.88
2-Apr-20,12.3,5.6,1.1,0,0,16,3,3,2,4,2,2,2,0,-78,-26,-44,-82,-77,38,172,42.02
3-Apr-20,12.2,5.5,0.3,0,0,16,3,3,2,4,2,2,2,0,-77,-23,-33,-82,-76,38,235,29.44
4-Apr-20,12.6,6.9,0,0,0,12,3,3,2,4,2,2,2,0,-80,-22,-40,-79,-62,23,195,2.75
5-Apr-20,17.6,8.9,1.1,0,0,9,3,3,2,4,2,2,2,0,-81,-30,-51,-81,-57,21,369,0.78
6-Apr-20,14.3,3.1,0.2,0,0,15,3,3,2,4,2,2,2,2,-73,-27,-8,-80,-76,34,200,52.52
7-Apr-20,15.9,1.7,0,0,0,16,3,3,2,4,2,2,2,2,-72,-16,16,-77,-76,33,283,51.82
8-Apr-20,17.2,3.5,0,0,0,16,3,3,2,4,2,2,2,2,-74,-18,-6,-79,-76,34,306,46.42
9-Apr-20,15.1,5,0,0,0,17,3,3,2,4,2,2,2,2,-73,-15,-25,-80,-76,36,277,32.04
10-Apr-20,20.1,7.5,0,0,0,17,3,3,2,4,2,2,2,2,-75,-17,-15,-81,-81,38,345,42.72
11-Apr-20,20.5,9.9,0,0,0,14,3,3,2,4,2,2,2,2,-77,-11,-17,-76,-60,22,480,2.78
12-Apr-20,11.3,8.3,0.5,0,0,9,3,3,2,4,2,2,2,2,-91,-56,-72,-85,-61,22,425,29.76
13-Apr-20,9.3,1.5,0,0,0,8,3,3,2,4,2,2,2,2,-80,-40,-17,-85,-89,38,405,48.94
14-Apr-20,14.2,-0.8,0,0,0,16,3,3,2,4,2,2,2,2,-74,-24,2,-78,-75,33,476,35.64
15-Apr-20,14.6,1,0,0,0,17,3,3,2,4,2,2,2,2,-75,-24,0,-78,-75,34,226,40.12
16-Apr-20,14.6,3.1,0,0,0,17,3,3,2,4,2,2,2,2,-87,-22,-9,-75,-74,36,361,40.42
17-Apr-20,14.7,8.7,0,0,0,17,3,3,2,4,2,2,2,2,-87,-21,-22,-75,-74,37,435,46.64
18-Apr-20,10.4,7.3,4.2,0,0,13,3,3,2,4,2,2,2,2,-89,-22,-45,-73,-57,23,277,13.86
19-Apr-20,13.4,3.9,0.1,0,0,10,3,3,2,4,2,2,2,2,-89,-30,-31,-73,-53,20,104,4.76
20-Apr-20,13.8,3.8,0,0,0,15,3,3,2,4,2,2,2,2,-87,-28,1,-74,-74,32,129,54.46
21-Apr-20,15.4,7.5,0,0,0,17,3,3,2,4,2,2,2,2,-86,-21,15,-73,-73,32,273,53.26
22-Apr-20,15.2,7.5,0,0,0,17,3,3,2,4,2,2,2,2,-86,-22,-6,-73,-74,33,486,40.6
23-Apr-20,14.6,6.3,0,0,0,18,3,3,2,4,2,2,2,2,-86,-19,-3,-74,-73,32,260,32.7
24-Apr-20,16.8,4.4,0,0,0,18,3,3,2,4,2,2,2,2,-86,-19,-9,-74,-73,35,195,44.42
25-Apr-20,18.1,6,0,0,0,14,3,3,2,4,2,2,2,2,-87,-17,-11,-67,-55,21,311,27.2
26-Apr-20,11.7,8.5,0.1,0,0,10,3,3,2,4,2,2,2,2,-89,-29,-45,-74,-52,20,170,4.2
27-Apr-20,13.4,3.2,0,0,0,16,3,3,2,4,2,2,2,2,-85,-24,14,-72,-73,31,148,57.02
28-Apr-20,12.4,1.3,0,0,0,17,3,3,2,4,2,2,2,2,-85,-20,5,-73,-73,28,199,46.14
29-Apr-20,14.8,5.3,3.8,0,0,17,3,3,2,4,2,2,2,2,-86,-25,-34,-76,-74,34,199,68.24
30-Apr-20,12.4,4.7,2.2,0,0,18,3,3,2,4,2,2,2,2,-77,-22,-40,-76,-73,32,136,28.2
1-May-20,14.3,3.7,0.7,0,0,18,3,3,2,4,2,2,2,2,-76,-18,-23,-75,-72,36,145,112.52
2-May-20,16.4,3.9,0.1,0,0,14,3,3,2,4,2,2,2,2,-78,-14,-2,-66,-52,21,156,61.2
3-May-20,15.6,3.6,0,0,0,11,3,3,2,4,2,2,2,2,-78,-18,4,-67,-47,18,83,9.28
4-May-20,14.6,3.6,0,0,0,10,3,3,2,4,2,2,2,2,-76,-27,54,-76,-86,35,63,62.16
5-May-20,14.1,6.6,0,0,0,19,3,3,2,4,2,2,2,2,-72,-14,35,-69,-71,30,112,81.32
6-May-20,14.7,5.8,0,0,0,19,3,3,2,4,2,2,2,2,-73,-14,38,-69,-71,32,54,133.48
7-May-20,19.2,9.4,1.8,0,0,18,3,3,2,4,2,2,2,2,-74,-17,5,-73,-71,33,58,60.88
8-May-20,18.6,9.6,0,0,0,19,3,3,2,4,2,2,2,2,-73,-12,31,-70,-69,33,105,88.32
9-May-20,19.9,7.5,0,0,0,15,3,3,2,4,2,2,2,2,-76,-9,48,-61,-48,18,141,34.76
10-May-20,11.8,6.5,0,0,0,10,3,3,2,4,2,2,2,2,-80,-29,-51,-76,-47,19,50,10.2
11-May-20,10.3,1.9,0,0,0,17,3,3,2,4,2,2,2,2,-72,-20,15,-71,-70,30,32,94.12
12-May-20,14.4,0.5,0,0,0,18,3,3,2,4,2,2,2,2,-71,-15,23,-70,-69,30,72,112.8
13-May-20,10.9,0.8,0,0,0,19,3,3,2,4,2,2,2,2,-72,-15,-15,-69,-69,32,242,124.96
14-May-20,15,-0.8,0,0,0,20,3,3,2,4,2,2,2,2,-73,-14,-66,-66,-69,30,82,109.4
15-May-20,14.2,3.3,0,0,0,20,3,3,2,4,2,2,2,2,-74,-16,-75,-69,-68,33,37,100.28
16-May-20,17.1,5.9,0,0,0,16,3,3,2,4,2,2,2,2,-76,-12,-69,-59,-47,18,26,63.4
17-May-20,18.3,9.5,0,0,0,13,3,3,2,4,2,2,2,2,-77,-18,-73,-62,-40,17,57,11.36
18-May-20,18.1,11.1,0.9,0,0,20,3,2,2,4,2,1,2,2,-66,-17,-71,-62,-66,28,8,84.08
19-May-20,22.1,10.9,0,0,0,20,3,2,2,4,2,1,2,2,-65,-8,-47,-56,-65,26,42,113.8
20-May-20,23.6,8.3,0,0,0,19,3,2,2,4,2,1,2,2,-64,-5,-2,-55,-65,27,24,111.72
21-May-20,18.1,10.7,2.3,0,0,19,3,2,2,4,2,1,2,2,-65,-9,-42,-62,-65,29,34,73.88
22-May-20,18.2,9.2,1.8,0,0,19,3,2,2,4,2,1,2,2,-67,-9,-63,-66,-63,31,41,111.4
23-May-20,16.4,8.8,0.7,0,0,15,3,2,2,4,2,1,2,2,-70,-7,-59,-59,-40,18,16,38.28
24-May-20,21,8.3,0,0,0,14,3,2,2,4,2,1,2,2,-68,-11,-21,-48,-32,13,20,9.92
25-May-20,19.8,5.4,0,0,0,19,3,2,2,4,2,1,2,2,-61,-10,-21,-57,-64,25,70,73.84
26-May-20,19.8,11.1,0,0,0,20,3,2,2,4,2,1,2,2,-61,-5,-15,-56,-61,25,33,150.36
27-May-20,20,9.4,0,0,0,20,3,2,2,4,2,1,2,2,-62,-4,-12,-54,-62,26,22,128.64
28-May-20,23.3,10.1,0,0,0,21,3,2,2,4,2,1,2,2,-62,0,-10,-54,-61,26,12,119.12
29-May-20,23.5,11.3,0,0,0,23,3,2,2,4,2,1,2,2,-62,2,-16,-55,-61,26,15,99.24
30-May-20,22,9.2,0,0,0,17,3,2,2,4,2,1,2,2,-67,2,-13,-43,-27,12,11,51.88
31-May-20,21.5,9,0,0,0,14,3,2,2,4,2,1,2,2,-66,-5,-17,-45,-20,11,39,26.64
1-Jun-20,21.1,8.9,0,0,0,14,3,2,2,4,2,1,2,2,-61,-9,38,-56,-81,27,5,52.22
2-Jun-20,26,6.9,0,0,0,24,3,2,2,4,2,1,2,2,-58,1,4,-50,-60,23,16,53.74
3-Jun-20,15,9,0.8,0,0,21,3,2,2,4,2,1,2,2,-63,-8,-50,-59,-61,27,8,63.82
4-Jun-20,17.9,6.5,0.2,0,0,21,3,2,2,4,2,1,2,2,-62,-7,-49,-60,-60,28,11,59.52
5-Jun-20,16.2,5.2,1.4,0,0,25,3,2,2,4,0,1,2,2,-61,-7,-38,-63,-59,28,14,45.12
6-Jun-20,12.9,5.1,0.7,0,0,17,3,2,2,4,0,1,2,2,-65,-9,-54,-63,-30,16,16,40
7-Jun-20,17.9,9.5,0.2,0,0,17,3,2,2,4,0,1,2,2,-63,-12,-21,-56,-22,13,2,3.4
8-Jun-20,18.3,5.1,0,0,0,27,3,2,2,4,0,1,2,2,-49,-7,23,-53,-58,22,4,53.4
9-Jun-20,15.4,6.3,0.1,0,0,27,3,2,2,4,0,1,2,2,-51,-6,-11,-58,-58,23,4,35.36
10-Jun-20,15.2,9.2,8.6,0,0,26,3,2,2,4,0,1,2,2,-54,-8,-28,-60,-59,25,6,57.52
11-Jun-20,13.9,9.9,4.9,0,0,26,3,2,2,4,0,1,2,2,-56,-9,-34,-63,-59,27,8,66.1
12-Jun-20,14.5,10.7,0.9,0,0,31,3,2,2,4,0,1,2,2,-56,-5,-26,-60,-57,26,30,48.04
13-Jun-20,17.5,11.9,4.8,0,0,25,3,2,2,4,0,1,2,2,-56,0,6,-46,-22,11,5,43.34
14-Jun-20,20.1,12,0.5,0,0,24,3,2,2,4,0,1,2,2,-56,-11,12,-45,-16,10,15,9.24
15-Jun-20,22.6,9.1,0,0,0,28,3,2,2,4,0,1,2,2,-44,-5,76,-47,-57,20,7,44.42
16-Jun-20,20.9,11.8,1.5,0,0,28,3,2,2,4,0,1,2,2,-44,-1,44,-49,-56,21,4,46.72
17-Jun-20,17,12.8,13.6,0,0,28,3,2,2,4,0,1,2,2,-48,-3,4,-50,-57,23,9,73.24
18-Jun-20,16.9,11.9,5.8,0,0,29,3,2,2,4,0,1,2,2,-47,-6,-19,-56,-57,24,9,33.62
19-Jun-20,16.1,11.2,7.6,0,0,30,3,2,2,4,0,1,2,2,-49,-1,-15,-54,-56,23,7,58.2
20-Jun-20,19.8,8.5,1.4,0,0,29,3,2,2,4,0,1,2,2,-50,4,18,-37,-19,9,3,48.58
21-Jun-20,19.7,8.7,0.7,0,0,19,3,2,2,4,0,1,2,2,-52,-7,0,-44,-10,9,1,7.22
22-Jun-20,20.9,8.7,1.5,0,0,25,3,2,2,4,0,1,2,2,-43,-10,10,-53,-58,22,5,45.88
23-Jun-20,19.3,15,2,0,0,28,3,2,2,4,0,1,2,2,-43,-3,23,-51,-57,21,1,48.96
24-Jun-20,21.2,12.6,0,0,0,29,3,2,2,4,0,1,2,2,-43,-3,58,-47,-56,21,8,71.3
25-Jun-20,25.3,11.5,0.1,0,0,33,3,2,2,4,0,1,2,2,-44,0,66,-46,-56,20,8,48.92
26-Jun-20,23.7,13.8,1.7,0,0,32,2,1,0,2,1,0,0,2,-46,0,21,-50,-55,21,12,39.14
27-Jun-20,18.7,11,7.8,0,0,23,2,1,0,2,1,0,0,2,-51,-2,-32,-44,-22,11,0,51.42
28-Jun-20,17.1,10.8,1.2,0,0,16,2,1,0,2,1,0,0,2,-51,-13,-38,-49,-14,10,5,7.9
29-Jun-20,14.4,10.9,0.8,0,0,28,2,1,0,2,1,0,0,2,-34,-9,-6,-50,-55,19,5,42.1
30-Jun-20,17.6,11.2,0.1,0,0,30,2,1,0,2,1,0,0,2,-33,-4,45,-49,-54,18,2,56.2
1-Jul-20,15.5,12.9,14,0,0,32,2,1,0,2,1,0,0,2,-38,-10,-19,-51,-55,20,6,70.7
2-Jul-20,18.5,10.9,0.5,0,0,32,2,1,0,2,1,0,0,2,-35,-5,32,-48,-54,19,1,46.92
3-Jul-20,19.6,11.8,2.5,0,0,33,2,1,0,2,1,0,0,2,-40,-6,-4,-50,-54,18,5,45.04
4-Jul-20,20.1,14.8,2.5,0,0,22,2,1,0,2,1,0,0,2,-43,-7,-2,-38,-17,6,8,31.66
5-Jul-20,17.3,10.7,0.6,0,0,17,2,1,0,2,1,0,0,2,-43,-16,-21,-44,-12,6,1,11.02
6-Jul-20,18.5,10.2,0.1,0,0,27,2,1,0,2,1,0,0,2,-32,-9,32,-48,-55,17,12,38.36
7-Jul-20,15.5,11,14.6,0,0,30,2,1,0,2,1,0,0,2,-36,-9,-26,-52,-55,18,3,50.76
8-Jul-20,14.5,11.6,13.5,0,0,33,2,1,0,2,1,0,0,2,-36,-10,-20,-50,-53,19,10,38.88
9-Jul-20,17.7,11.7,2.5,0,0,33,2,1,0,2,1,0,0,2,-34,-5,17,-48,-53,18,12,50.46
10-Jul-20,18,7.7,0,0,0,35,2,1,0,2,1,0,0,2,-37,-5,28,-46,-52,16,7,56.12
11-Jul-20,18.3,7,0,0,0,25,2,1,0,2,1,0,0,2,-42,-5,30,-33,-12,4,14,27.72
12-Jul-20,19.5,9.4,0.4,0,0,21,2,1,0,2,1,0,0,2,-41,-13,15,-36,-7,3,4,3.42
13-Jul-20,19.7,13.3,0.6,0,0,27,2,1,0,2,1,0,0,2,-32,-9,22,-49,-54,17,15,55.86
14-Jul-20,15.4,11,3.7,0,0,31,2,1,0,2,1,0,0,2,-34,-9,-3,-51,-53,18,10,49.14
15-Jul-20,20.8,12.2,1.2,0,0,30,2,1,0,2,1,0,0,2,-31,-7,42,-48,-52,17,13,74.88
16-Jul-20,24,14.1,0.2,0,0,32,2,1,0,2,1,0,0,2,-32,-7,53,-49,-52,17,26,48.1
17-Jul-20,21,14.6,0.8,0,0,39,2,1,0,2,1,0,0,2,-35,-7,18,-49,-51,16,11,48.6
18-Jul-20,19.3,11.4,5,0,0,24,2,1,0,2,1,0,0,2,-39,-7,34,-36,-10,4,6,52.94
19-Jul-20,19.3,6.6,0,0,0,22,2,1,0,2,1,0,0,2,-38,-13,41,-36,-4,2,5,10.24
20-Jul-20,19.3,6.2,0,0,0,28,2,1,0,2,1,0,0,2,-30,-9,61,-48,-53,15,21,38.8
21-Jul-20,19.5,10.7,0,0,0,30,2,1,0,2,1,0,0,2,-30,-7,84,-47,-53,15,11,70.14
22-Jul-20,21.6,13.4,3.6,0,0,30,2,1,0,2,1,0,0,2,-33,-10,30,-49,-52,17,2,61
23-Jul-20,20.2,13.8,2.7,0,0,31,2,1,0,2,1,0,0,2,-33,-9,12,-50,-52,18,15,60.54
24-Jul-20,21.2,11.5,3.9,0,0,37,2,1,0,2,1,0,0,2,-36,-10,9,-49,-50,16,11,64.22
25-Jul-20,17.7,11.3,4.7,0,0,23,2,1,0,2,1,0,0,2,-39,-10,7,-38,-11,4,9,31.28
26-Jul-20,20.5,11.6,3.4,0,0,17,2,1,0,2,1,0,0,2,-37,-16,8,-39,-4,3,5,8.72
27-Jul-20,19.5,11.3,9.7,0,0,28,2,1,0,2,1,0,0,2,-30,-12,27,-50,-54,16,16,63.96
28-Jul-20,18.1,9.9,0,0,0,30,2,1,0,2,1,0,0,2,-28,-8,55,-48,-52,15,7,20.52
29-Jul-20,17.1,11.6,0.8,0,0,30,2,1,0,2,1,0,0,2,-29,-9,25,-48,-53,16,18,70.68
30-Jul-20,21,14.4,7,0,0,30,2,1,0,2,1,0,0,2,-29,-8,28,-49,-53,16,16,38.7
31-Jul-20,23.1,15.2,2.2,0,0,33,2,1,0,2,1,0,0,2,-33,-11,31,-47,-52,14,4,66.66
1-Aug-20,19,12.5,1.4,0,0,21,2,1,0,2,1,0,0,2,-40,-16,14,-38,-12,3,20,43.84
2-Aug-20,19,10.4,2.8,0,0,16,2,1,0,2,1,0,0,2,-38,-23,10,-40,-5,2,2,13.58
3-Aug-20,19.1,9.2,0,0,0,16,2,1,0,2,1,0,0,2,-29,-24,77,-55,-78,17,7,48.38
4-Aug-20,24.1,12.1,1.5,0,0,28,2,1,0,2,1,0,0,2,-27,-7,59,-47,-54,15,4,54.6
5-Aug-20,23.6,13.6,0.6,0,0,28,2,1,0,2,1,0,0,2,-31,-13,27,-49,-54,17,5,59.82
6-Aug-20,21.8,11.1,0,0,0,30,2,1,0,2,1,0,0,2,-30,-11,43,-48,-53,16,5,54.26
7-Aug-20,25,13.2,0.2,0,0,30,2,1,0,2,1,0,0,2,-34,-12,40,-48,-51,15,25,46.08
8-Aug-20,20.5,9.9,0,0,0,25,2,3,2,3,1,1,2,2,-41,-12,63,-34,-9,1,16,56.72
9-Aug-20,18.3,9.7,0,0,0,17,2,3,2,3,1,1,2,2,-40,-19,14,-40,-4,2,9,7.82
10-Aug-20,17.2,11.9,1.4,0,0,24,2,3,2,3,1,1,2,2,-32,-17,5,-53,-55,15,1,30.4
11-Aug-20,19.4,12.1,0,0,0,27,2,3,2,3,1,1,2,2,-29,-12,54,-49,-53,15,12,57.4
12-Aug-20,23.3,16.4,0,0,0,28,2,3,2,3,1,1,2,2,-31,-12,65,-48,-53,15,22,60
13-Aug-20,22.5,16,0,0,0,29,2,3,2,3,1,1,2,2,-30,-11,44,-51,-52,16,18,60.46
14-Aug-20,20.8,14.1,0,0,0,30,2,3,2,3,1,1,2,2,-33,-11,37,-50,-51,14,55,71.9
15-Aug-20,20.7,13.6,0,0,0,23,2,3,2,3,1,1,2,2,-38,-11,48,-37,-9,2,15,35.24
16-Aug-20,16.6,15.3,1.3,0,0,16,2,3,2,3,1,1,2,2,-39,-20,-16,-45,-6,4,12,10.86
17-Aug-20,16.1,15.2,13.2,0,0,28,2,3,2,3,1,1,2,2,-32,-18,-23,-55,-55,17,44,54.42
18-Aug-20,22,14.3,11.6,0,0,30,2,3,2,3,1,1,2,2,-29,-11,38,-50,-52,16,19,46.04
19-Aug-20,17.8,12.1,10.1,0,0,31,2,3,2,3,1,1,2,2,-36,-18,-23,-55,-53,18,51,54.42
20-Aug-20,21.5,14.4,2.5,0,0,29,2,3,2,3,1,1,2,2,-31,-13,-3,-55,-53,18,41,51.52
21-Aug-20,20,14.2,1.3,0,0,31,2,3,2,3,1,1,2,2,-33,-11,19,-51,-51,16,51,38.74
22-Aug-20,18.1,13.1,1.4,0,0,23,2,3,2,3,1,1,2,2,-36,-12,0,-41,-9,5,39,39.52
23-Aug-20,18.6,11.4,0.2,0,0,19,2,3,2,3,1,1,2,2,-34,-16,12,-41,-4,4,78,10.72
24-Aug-20,17.4,9.1,3.6,0,0,28,2,3,2,3,1,1,2,2,-27,-13,39,-51,-53,15,17,57.34
25-Aug-20,18.4,12.8,17.9,0,0,31,2,3,2,3,1,1,2,2,-32,-15,-24,-55,-53,18,92,74.32
26-Aug-20,20.5,11.2,0.6,0,0,36,2,3,2,3,1,1,2,2,-24,-5,62,-47,-51,15,34,67.42
27-Aug-20,14.7,11.4,8.8,0,0,35,2,3,2,3,1,1,2,2,-28,-10,-18,-52,-52,18,51,61.64
28-Aug-20,15.9,9,8.9,0,0,37,2,3,2,3,1,1,2,2,-31,-8,-8,-50,-50,16,60,46.52
29-Aug-20,14.4,6.3,0,0,0,27,2,3,2,3,1,1,2,2,-32,-8,21,-37,-8,4,23,44.68
30-Aug-20,16.6,4.7,0,0,0,24,2,3,2,3,1,1,2,2,-29,-10,34,-36,-4,3,26,9.74
31-Aug-20,19.3,6.8,0,0,0,34,2,3,2,3,1,1,2,2,-21,-5,47,-47,-52,14,100,42.06
1-Sep-20,21.1,10.6,0,0,0,37,2,3,2,3,1,1,2,2,-22,-1,58,-45,-51,14,55,101.88
2-Sep-20,22.5,13,20.6,0,0,43,2,3,2,3,1,1,2,2,-30,-9,17,-49,-51,17,50,132.32
3-Sep-20,19.1,10.7,0.1,0,0,42,2,3,2,3,1,1,2,2,-27,-6,27,-48,-50,16,24,127.52
4-Sep-20,17.3,9.5,3.9,0,0,45,2,3,2,3,1,1,2,2,-30,-7,13,-47,-48,14,129,99.96
5-Sep-20,17.1,9.3,2.1,0,0,28,2,3,2,3,1,1,2,2,-33,-10,18,-39,-11,5,68,115.64
6-Sep-20,19.4,11.1,0.1,0,0,22,2,3,2,3,1,1,2,2,-31,-10,28,-38,-7,4,54,12.04
7-Sep-20,18.5,11.1,3,0,0,38,2,3,2,3,1,1,2,2,-27,-9,14,-49,-52,15,182,124.72
8-Sep-20,22.5,16.4,0.3,0,0,46,2,3,2,3,1,1,2,2,-27,-5,57,-46,-51,14,49,129.28
9-Sep-20,17.9,10.1,1,0,0,41,2,3,2,3,1,1,2,2,-28,-7,40,-48,-49,15,108,124.8
10-Sep-20,15.5,10.6,0,0,0,40,2,3,2,3,1,1,2,2,-29,-8,19,-49,-49,15,121,107.08
11-Sep-20,16.4,11.4,0.3,0,0,42,2,3,2,3,1,1,2,2,-31,-7,9,-47,-47,14,75,93.4
12-Sep-20,18.1,9.4,0.1,0,0,28,2,3,2,3,1,1,2,2,-32,-7,38,-37,-10,4,154,93.68
13-Sep-20,23,14,0,0,0,28,2,3,2,3,1,1,2,2,-31,-8,69,-34,-6,2,106,13.04
14-Sep-20,24.7,13.3,0,0,0,37,2,3,2,3,1,1,2,2,-27,-8,58,-47,-46,13,211,141.48
15-Sep-20,24.6,14.3,1.3,0,0,44,2,3,2,3,1,1,2,2,-26,-4,93,-44,-45,13,133,119.64
16-Sep-20,20.4,12.8,0,0,0,41,2,3,2,3,1,1,2,2,-29,-8,54,-47,-46,14,120,153.92
17-Sep-20,19.5,11.8,0,0,0,42,2,3,2,3,1,1,2,2,-29,-8,47,-48,-46,14,111,71.88
18-Sep-20,15.7,9.1,0,0,0,43,2,3,2,3,1,1,1,2,-30,-8,25,-47,-44,13,159,115.36
19-Sep-20,14.5,12.1,0,0,0,22,2,3,2,3,1,1,1,2,-47,-7,14,-48,-17,9,238,111.68
20-Sep-20,15.7,7.3,0,0,0,19,2,3,2,3,1,1,1,2,-46,-10,23,-47,-15,8,74,21.96
21-Sep-20,20.5,6.4,0.1,0,0,35,1,2,2,3,1,1,1,2,-36,-8,70,-49,-49,15,169,126.64
22-Sep-20,18.2,10.9,3.3,0,0,35,1,2,2,3,1,1,1,2,-39,-6,36,-52,-48,17,97,95.74
23-Sep-20,14.9,4.3,0.1,0,0,37,1,2,2,3,1,1,1,2,-39,-5,33,-53,-47,17,164,148.24
24-Sep-20,11.9,5.2,10.2,0,0,37,1,2,2,3,1,1,1,2,-42,-8,-18,-56,-48,19,150,105.2
25-Sep-20,14.2,3.6,0.2,0,0,40,1,2,2,3,1,1,1,2,-40,-1,12,-52,-46,18,103,92.52
26-Sep-20,14.4,1.4,0,0,0,31,1,2,2,3,1,1,1,2,-40,1,49,-43,-16,8,212,113.72
27-Sep-20,15.7,1.2,0,0,0,25,1,2,2,3,1,1,1,2,-41,-6,47,-44,-14,8,201,21.76
28-Sep-20,18.2,6.9,1.8,0,0,37,1,2,2,3,1,1,1,2,-36,-8,19,-52,-48,17,152,100.36
29-Sep-20,16,4.3,0.2,0,0,40,1,2,2,3,1,1,1,2,-35,-1,57,-50,-46,16,178,132
30-Sep-20,15,6,7.6,0,0,41,1,2,2,3,1,1,1,2,-42,-7,-16,-55,-47,19,167,119.96
1-Oct-20,12.6,3.5,8.8,0,0,39,1,2,2,3,1,1,1,2,-38,-2,10,-54,-45,18,189,59.46
2-Oct-20,13.9,6.1,4.8,0,0,42,1,2,2,3,1,1,1,2,-40,2,27,-50,-43,17,219,34.16
3-Oct-20,12.7,5.2,0.3,0,0,27,1,2,2,3,1,1,1,2,-43,1,10,-46,-17,9,101,48.52
4-Oct-20,12.1,7.5,17,0,0,13,1,2,2,3,1,1,1,2,-56,-18,-62,-60,-23,13,130,9.14
5-Oct-20,13.4,8.3,2.3,0,0,37,1,2,2,3,1,1,1,2,-34,-4,6,-52,-46,17,109,62.38
6-Oct-20,15.2,8.1,2.5,0,0,40,1,2,2,3,1,1,1,2,-37,0,17,-52,-45,16,213,50.54
7-Oct-20,14.1,7.5,10.9,0,0,42,1,2,2,3,1,1,1,2,-40,-4,10,-54,-45,18,89,51.88
8-Oct-20,14.3,7,3.2,0,0,41,1,2,2,3,1,1,1,2,-40,-2,11,-55,-45,18,122,73.48
9-Oct-20,12.5,5.2,0.9,0,0,41,1,2,2,3,1,1,1,2,-41,1,9,-53,-43,18,239,38.52
10-Oct-20,14.3,5.4,0.4,0,0,31,1,2,2,3,1,1,1,2,-41,3,37,-47,-16,9,217,55.1
11-Oct-20,13.4,5.7,0.1,0,0,24,1,2,2,3,1,1,1,2,-43,-5,40,-49,-16,9,248,11.32
12-Oct-20,14.1,6.5,1.5,0,0,36,1,2,2,3,1,1,1,2,-38,-7,12,-54,-46,17,188,34.3
13-Oct-20,12.6,6.5,0.2,0,0,37,1,2,2,3,1,1,1,2,-38,-3,18,-54,-45,17,235,95.06
14-Oct-20,14.9,7.9,0.7,0,0,41,1,2,2,3,1,1,1,2,-40,-3,22,-54,-45,18,281,58.7
15-Oct-20,13.3,5.9,3.1,0,0,41,1,2,2,3,1,1,1,2,-40,-2,0,-55,-44,19,251,58.16
16-Oct-20,12.4,6.4,0.2,0,0,42,1,2,2,3,1,1,1,2,-39,2,14,-54,-43,19,275,40
17-Oct-20,12.7,6.2,0,0,0,30,1,2,2,3,1,1,1,2,-41,2,24,-49,-17,11,396,54.74
18-Oct-20,13.7,2.6,0,0,0,25,1,2,2,3,1,1,1,2,-40,-3,44,-48,-17,10,229,7.78
19-Oct-20,13.2,11.2,2.4,0,0,40,1,2,2,3,1,1,1,2,-32,-6,-21,-55,-46,18,198,58.58
20-Oct-20,15.8,11.2,0.8,0,0,45,1,2,2,3,1,1,1,2,-25,5,3,-51,-44,17,257,68.16
21-Oct-20,14,7.5,0,0,0,50,2,3,2,4,1,2,2,2,-23,5,19,-49,-43,16,236,79.86
22-Oct-20,11.8,6.3,0,0,0,30,2,3,2,4,1,2,2,2,-57,-5,7,-62,-50,23,181,63.32
23-Oct-20,12.3,7.5,1.7,0,0,32,2,3,2,4,1,2,2,2,-56,0,18,-61,-50,24,188,79.76
24-Oct-20,13.2,7.6,2.8,0,0,17,2,3,2,4,1,2,2,2,-63,-5,3,-67,-34,17,252,61.66
25-Oct-20,12.4,6.9,0,0,0,17,2,3,2,4,1,2,2,2,-58,-6,47,-63,-30,14,260,24.56
26-Oct-20,12.8,5.7,0.8,0,0,14,2,3,2,4,1,2,2,2,-54,-16,75,-74,-83,31,223,69.72
27-Oct-20,13,6.5,2.1,0,0,26,2,3,2,4,1,2,2,2,-52,-4,27,-64,-59,23,194,70.94
28-Oct-20,10.8,6.4,2.5,0,0,26,2,3,2,4,1,2,2,2,-54,-7,13,-65,-58,25,233,81.8
29-Oct-20,15.5,7.1,5.9,0,0,26,2,3,2,4,1,2,2,2,-56,-8,-18,-67,-59,26,225,69.44
30-Oct-20,15.2,4.8,1.2,0,0,29,2,3,2,4,1,2,2,2,-53,0,32,-62,-57,25,79,92.58
31-Oct-20,15.8,8.3,3.3,0,0,19,2,3,2,4,1,2,2,2,-61,-1,-1,-63,-29,15,161,71.98
1-Nov-20,16.2,6.8,8,0,0,14,2,3,2,4,1,2,2,2,-65,-20,-28,-69,-32,15,306,16.1
2-Nov-20,10.8,5.2,2.5,0,0,33,2,3,2,4,1,2,2,2,-55,-14,-19,-62,-50,21,92,74.88
3-Nov-20,10.2,2.7,0.4,0,0,35,2,3,2,4,1,2,2,2,-51,-2,18,-60,-49,20,156,79.64
4-Nov-20,10.4,2.3,0.1,0,0,33,2,3,2,4,1,2,2,2,-53,-5,10,-61,-49,22,114,89.66
5-Nov-20,9.6,2.9,0.5,0,0,33,2,3,2,4,1,2,2,2,-54,-5,-10,-63,-49,23,171,94.08
6-Nov-20,11.9,4.5,0,0,0,37,2,3,2,4,1,2,2,2,-52,1,23,-60,-46,22,71,83.84
7-Nov-20,11.8,4.6,0.6,0,0,23,2,3,2,4,1,2,2,2,-56,-1,29,-62,-27,14,168,71.44
8-Nov-20,15.4,8.4,8.6,0,0,19,2,3,2,4,1,2,2,2,-57,-8,24,-63,-27,13,99,22.86
9-Nov-20,14,12,2.1,0,0,32,2,3,2,4,1,2,2,2,-51,-10,-7,-62,-49,21,75,79.34
10-Nov-20,13.1,9.9,0.2,0,0,34,2,3,2,4,1,2,2,2,-49,-2,21,-60,-48,20,87,86.9
11-Nov-20,14.4,8.3,6.2,0,0,35,2,3,2,4,1,2,2,2,-56,-11,-39,-65,-49,23,130,93.18
12-Nov-20,12.6,6.2,2.7,0,0,36,2,3,2,4,1,2,2,2,-51,-2,2,-62,-47,22,124,110.84
13-Nov-20,10.2,6.1,1.7,0,0,38,2,3,2,4,1,2,2,2,-51,2,9,-61,-46,22,150,56.02
14-Nov-20,13.3,9.4,3.1,0,0,23,2,3,2,4,1,2,2,2,-57,-3,-6,-64,-28,15,117,86.52
15-Nov-20,11.5,6.6,6.2,0,0,16,2,3,2,4,1,2,2,2,-58,-12,-27,-67,-28,14,102,13.4
16-Nov-20,14,7.2,1.4,0,0,33,2,3,2,4,1,2,2,2,-51,-11,-17,-62,-48,21,84,83.6
17-Nov-20,15.9,12.9,0,0,0,36,2,3,2,4,1,2,2,2,-48,-2,30,-60,-47,20,115,78.26
18-Nov-20,14.7,7.1,2.5,0,0,38,2,3,2,4,1,2,2,2,-52,-5,-11,-62,-47,22,166,82.98
19-Nov-20,8.4,4.5,0,0,0,37,2,3,2,4,1,2,2,2,-50,-4,1,-62,-47,22,100,103.18
20-Nov-20,12.9,7.2,2.3,0,0,38,2,3,2,4,1,2,2,2,-51,1,-10,-61,-46,22,125,57.42
21-Nov-20,11.4,6,1.6,0,0,25,2,3,2,4,1,2,2,2,-54,0,20,-61,-25,14,114,73.54
22-Nov-20,8.6,2.5,0.1,0,0,21,2,3,2,4,1,2,2,2,-53,-6,24,-62,-25,12,87,12.86
23-Nov-20,12.3,1,0.1,0,0,35,2,3,2,4,1,2,2,2,-47,-8,-3,-62,-47,20,65,67.7
24-Nov-20,14.3,5.1,4.3,0,0,38,2,3,2,4,1,2,2,2,-49,-5,-6,-61,-46,20,77,87.86
25-Nov-20,7.7,3.5,0.1,0,0,38,2,3,2,4,1,2,2,2,-47,-2,10,-60,-46,20,117,70.64
26-Nov-20,7.9,2.8,0.1,0,0,37,2,3,2,4,1,2,2,2,-47,-3,-7,-61,-46,21,62,92.98
27-Nov-20,9.5,-1.4,0,0,0,41,2,3,2,4,1,2,2,2,-46,3,8,-59,-45,21,87,62.14
28-Nov-20,10.7,1.8,0,0,0,23,2,3,2,4,1,2,2,2,-52,-2,14,-59,-23,13,93,70.18
29-Nov-20,10.6,4.1,0,0,0,19,2,3,2,4,1,2,2,2,-53,-7,8,-61,-24,12,107,16.4
30-Nov-20,10.5,3.8,0.2,0,0,37,2,3,2,4,1,2,2,2,-45,-7,-17,-60,-46,19,72,51.14
1-Dec-20,9.3,4.6,0.1,0,0,44,2,3,2,4,1,2,2,2,-24,8,10,-50,-42,16,57,61.7
2-Dec-20,9.1,4.4,0.8,0,0,47,2,3,2,4,1,2,2,2,-27,7,1,-51,-42,17,57,64.8
3-Dec-20,5.5,-0.3,1.2,0,0,47,2,3,2,4,1,2,2,2,-29,5,-18,-52,-42,18,82,57.24
4-Dec-20,7.7,-0.7,4.5,0,0,54,2,2,2,4,1,2,1,2,-28,2,-25,-50,-41,17,192,42.6
5-Dec-20,7.3,0.1,1,0,0,30,2,2,2,4,1,2,1,2,-29,3,-8,-40,-9,8,119,81.78
6-Dec-20,0.2,-2.2,0,0,0,25,2,2,2,4,1,2,1,2,-28,-3,-10,-42,-10,8,72,13.96
7-Dec-20,3.1,-3.2,1,0,0,45,2,2,2,4,1,2,1,2,-18,3,-13,-49,-45,16,68,92.34
8-Dec-20,6.6,0.4,0,0,0,48,2,2,2,4,1,2,1,2,-20,7,-1,-49,-41,15,67,48.64
9-Dec-20,8.5,1.4,4.6,0,0,53,2,2,2,4,1,2,1,2,-24,1,-20,-50,-42,17,78,79.44
10-Dec-20,9.9,6.5,2.6,0,0,53,2,2,2,4,1,2,1,2,-22,4,-11,-49,-41,16,70,47.9
11-Dec-20,9.8,4.9,0.9,0,0,54,2,2,2,4,1,2,1,2,-23,7,0,-45,-40,15,97,45.64
12-Dec-20,7,1.9,0.2,0,0,35,2,2,2,4,1,2,1,2,-25,6,21,-33,-8,6,116,57.38
13-Dec-20,13,5.6,9.8,0,0,22,2,2,2,4,1,2,1,2,-28,-4,-20,-39,-10,8,77,3.44
14-Dec-20,10.2,6.9,1.2,0,0,45,2,2,2,4,1,2,1,2,-15,5,5,-47,-43,15,80,50.7
15-Dec-20,9.7,4.9,0.7,0,0,47,2,2,2,4,1,2,1,2,-15,12,18,-45,-41,14,132,65.9
16-Dec-20,10.5,6.3,6.8,0,0,51,2,2,2,4,1,2,1,2,-18,8,-12,-47,-41,16,149,80.26
17-Dec-20,12.6,5.5,2.3,0,0,55,2,2,2,4,1,2,1,2,-17,10,-1,-43,-41,15,192,54.94
18-Dec-20,14.1,7,1.9,0,0,65,2,2,2,4,1,2,1,2,-21,8,-3,-39,-40,14,192,53.3
19-Dec-20,9.6,5.3,0,0,0,31,2,2,2,4,1,2,1,2,-27,6,1,-30,-7,5,280,62.32
20-Dec-20,7.1,4.8,0,0,0,27,2,2,2,4,1,2,1,2,-20,4,5,-28,0,5,311,17.58
21-Dec-20,9.6,2.2,2.6,0,0,51,2,2,2,4,1,2,1,2,0,18,-10,-42,-46,13,349,53.1
22-Dec-20,6.7,0.3,1.7,0,0,50,2,2,2,4,1,2,1,3,7,34,21,-39,-47,13,299,67.24
23-Dec-20,6.4,2.3,13.8,0,0,42,2,2,2,4,1,2,1,3,-2,37,-24,-47,-57,17,336,62.54
24-Dec-20,5.2,-1.6,0,0,0,28,2,2,2,3,1,1,1,3,-31,19,2,-61,-72,23,359,53.64
25-Dec-20,7.5,-0.9,0,0,0,7,2,2,2,3,1,1,1,3,-95,-91,-40,-92,-87,31,343,8.42
26-Dec-20,8.6,5.9,14.5,0,0,10,2,2,2,3,1,1,1,3,-82,-63,-44,-75,-52,14,247,9.84
27-Dec-20,6.2,1.2,4.1,0,0,15,2,3,2,4,1,1,2,3,-60,-27,-26,-61,-22,11,292,16.58
28-Dec-20,5.3,2.7,1.2,160,0,15,2,3,2,4,1,1,2,3,-47,-23,-22,-70,-80,28,444,69.72
29-Dec-20,5.8,1.1,0.3,231,0,23,2,3,2,4,1,1,2,3,-39,-6,48,-65,-74,25,360,39.04
30-Dec-20,2.8,-1.5,0,1283,0,25,3,3,2,4,1,1,2,3,-37,1,16,-64,-72,27,496,72.3
31-Dec-20,4.7,-1.7,1.7,2308,0,21,3,3,2,4,1,1,2,3,-48,1,-25,-72,-75,30,523,39.74
1-Jan-21,4.8,-1.3,0,3111,0,21,3,3,2,4,1,2,2,3,-83,-62,25,-83,-86,37,354,54.68
2-Jan-21,4,-1.8,0.1,4123,0,19,3,3,2,4,1,2,2,3,-71,-20,-12,-71,-41,19,1251,99.52
3-Jan-21,4.5,-1.9,2.3,4141,0,21,3,3,2,4,1,2,2,3,-70,-25,-32,-69,-30,17,3647,88.56
4-Jan-21,5.5,1.9,2.5,5320,0,19,3,3,2,4,1,2,2,3,-60,-20,-31,-70,-62,27,1930,129.36
5-Jan-21,5.7,1.4,1.7,8827,0,20,3,3,2,4,1,2,2,3,-59,-13,-8,-70,-62,27,2261,102
6-Jan-21,3.7,-2.6,4.9,15582,0,20,3,3,2,4,1,2,2,3,-61,-18,-19,-73,-62,28,2176,129.44
7-Jan-21,1.4,-2.6,0.3,27290,0,23,3,3,2,4,1,2,2,3,-65,-20,-24,-74,-62,30,3000,96.36
8-Jan-21,2.1,-4.7,0,39948,0,25,3,3,2,4,1,2,2,3,-66,-16,-8,-72,-60,30,1047,40.48
9-Jan-21,2.6,-5.4,0,48015,0,20,3,3,2,4,1,2,2,2,-68,-13,6,-69,-37,19,2045,141.16
10-Jan-21,5.9,2.1,0,52777,0,15,3,3,2,4,1,2,2,2,-69,-21,-16,-71,-33,17,1488,97.84
11-Jan-21,9.5,5.1,4.6,61099,0,20,3,3,2,4,1,2,2,2,-64,-24,-29,-75,-63,28,571,174.64
12-Jan-21,9.5,5.3,11.2,69951,0,20,3,3,2,4,1,2,2,2,-63,-17,0,-74,-63,28,1116,183.64
13-Jan-21,11.5,5.8,8.5,79811,0,21,3,3,2,4,1,2,2,2,-65,-20,-15,-75,-64,29,1206,98.04
14-Jan-21,10.4,1.4,0.2,87862,0,20,3,3,2,4,1,2,2,2,-64,-18,1,-75,-64,29,1179,68.96
15-Jan-21,9.9,-1,2.4,95519,0,21,3,3,2,4,1,2,2,2,-66,-18,-10,-74,-62,30,924,95.84
16-Jan-21,10.8,4.5,0.8,100727,0,19,3,3,2,4,1,2,2,2,-66,-13,8,-72,-37,18,1063,80.4
17-Jan-21,6.3,2.3,0,101830,0,15,3,3,2,4,1,2,2,2,-69,-22,-9,-74,-32,16,750,21.64
18-Jan-21,9.2,4.5,6.2,110507,0,19,3,3,2,4,1,2,2,2,-63,-25,-16,-74,-64,27,685,99.2
19-Jan-21,11.4,8.3,15.9,118865,0,20,3,3,2,4,1,2,2,2,-64,-21,-23,-75,-64,28,719,121.08
20-Jan-21,10.7,1.5,7.8,127295,0,21,3,3,2,4,1,2,2,2,-67,-23,-43,-76,-63,29,1015,84.36
21-Jan-21,5.8,0.9,0,136249,0,21,3,3,2,4,1,2,2,2,-63,-17,-2,-74,-63,29,752,71.2
22-Jan-21,4.6,0.5,0.1,142987,0,22,3,3,2,4,1,2,2,2,-64,-14,-1,-73,-61,29,709,88.44
23-Jan-21,3.7,-1,0,147148,0,19,3,3,2,4,1,2,2,2,-64,-8,16,-71,-35,17,376,115.36
24-Jan-21,2.2,-2.3,0.2,148322,0,14,3,3,2,4,1,2,2,2,-71,-24,-23,-75,-33,17,485,14.12
25-Jan-21,4.1,-1.3,0,149660,0,22,3,3,2,4,1,2,2,2,-62,-21,-3,-73,-63,27,255,74.76
26-Jan-21,10.5,2.8,1,150648,0,20,3,3,2,4,1,2,2,3,-62,-16,-5,-74,-62,27,436,99.52
27-Jan-21,11.3,7.2,9.9,152791,0,21,3,3,2,4,1,2,2,3,-63,-19,-12,-75,-62,28,469,104.96
28-Jan-21,13.3,7.6,1,153748,0,21,3,3,2,4,1,2,2,3,-63,-15,-13,-75,-62,29,438,61.12
29-Jan-21,10.3,5.7,2.6,155292,0,23,3,3,2,4,1,2,2,3,-62,-11,-13,-72,-60,29,558,100.48
30-Jan-21,6.5,4,27.1,155900,0,15,3,3,2,4,1,2,2,3,-69,-17,-58,-76,-37,19,423,127.44
31-Jan-21,4.3,2.2,4.3,156105,0,11,3,3,2,4,1,2,2,3,-70,-24,-57,-76,-33,17,335,16.16
1-Feb-21,6.9,3.5,3.1,157096,0,22,3,3,2,4,1,2,2,3,-59,-18,-2,-72,-62,26,382,51.24
2-Feb-21,11.3,5.7,15.9,157905,0,21,3,3,2,4,1,2,2,3,-59,-12,-1,-72,-61,26,336,125.68
3-Feb-21,9.3,6.4,1.7,159273,0,22,3,3,2,4,1,2,2,3,-59,-12,7,-72,-61,27,427,112.28
4-Feb-21,10,5.9,2,160671,0,22,3,3,2,4,1,2,2,3,-60,-13,-5,-74,-61,28,289,86.08
5-Feb-21,6.5,2,1.3,164032,0,24,3,3,2,4,1,2,2,3,-60,-6,-8,-72,-59,28,297,30.64
6-Feb-21,6.8,4,4.5,164911,0,18,3,3,2,4,1,2,2,3,-64,-6,-21,-72,-34,17,378,151.12
7-Feb-21,5.3,2.6,0.2,165219,0,13,3,3,2,4,1,2,2,3,-67,-19,-29,-75,-31,16,382,119.48
8-Feb-21,3.4,0.7,1.2,166358,0,19,3,3,2,4,1,2,2,3,-60,-19,-26,-75,-62,27,163,19
9-Feb-21,2.6,0.9,1.2,170570,0,20,3,3,2,4,1,2,2,3,-60,-13,-22,-74,-62,27,516,93.64
10-Feb-21,3.9,-0.1,0.5,179359,0,22,3,3,2,4,1,2,2,3,-59,-11,-4,-73,-61,28,280,91.88
11-Feb-21,2.5,0.8,0,185504,0,19,3,3,2,4,1,2,2,3,-61,-13,-34,-75,-61,30,414,174.44
12-Feb-21,5,1.4,0,189864,0,22,3,3,2,4,1,2,2,3,-59,-4,-16,-73,-59,29,429,141.92
13-Feb-21,5.3,0.3,0.9,191053,0,17,3,3,2,4,1,2,2,3,-63,0,-42,-74,-35,18,310,98.08
14-Feb-21,13.1,5.1,1.6,193732,0,12,3,3,2,4,1,2,2,3,-65,-16,-32,-74,-31,16,333,32.2
15-Feb-21,13.5,6.9,1.3,195664,0,21,3,3,2,4,1,2,2,3,-54,-12,37,-70,-62,25,299,49.2
16-Feb-21,11.6,6.9,0.1,201270,0,23,3,3,2,4,1,2,2,3,-54,-4,51,-70,-61,25,189,102.12
17-Feb-21,10.9,5.8,1.1,210974,0,23,3,3,2,4,1,2,2,3,-56,-9,29,-71,-61,26,437,121.4
18-Feb-21,10.6,2,6,219413,0,24,3,3,2,4,1,2,2,3,-56,-8,12,-72,-61,27,252,61.6
19-Feb-21,13.7,7.5,5.7,228776,0,23,3,3,2,4,1,2,2,3,-59,-7,-27,-73,-60,29,376,116.28
20-Feb-21,13.3,6.5,1.4,234640,0,18,3,3,2,4,1,2,2,3,-63,-6,-33,-72,-32,18,228,92.4
21-Feb-21,13,7.1,0,235736,0,20,3,3,2,4,1,2,2,3,-57,-8,52,-65,-27,13,278,22.96
22-Feb-21,12.8,1.5,0,239660,0,23,3,3,2,4,1,2,2,3,-52,-11,54,-69,-60,24,218,78.12
23-Feb-21,14.6,9.1,10.8,252992,0,21,3,3,2,4,1,2,2,3,-60,-16,-40,-75,-61,27,173,136.52
24-Feb-21,11.7,7,0.9,269896,0,23,3,3,2,4,1,2,2,3,-55,-7,3,-71,-60,26,223,92.96
25-Feb-21,10.6,1.7,0.3,287933,0,26,3,3,2,4,1,2,2,3,-53,-3,32,-70,-59,26,278,108.12
26-Feb-21,11.9,0.6,0,303988,0,27,3,3,2,4,1,2,2,3,-53,2,45,-67,-57,26,310,96
27-Feb-21,11.8,1.4,0,312946,0,21,3,3,2,4,1,2,2,3,-56,3,45,-64,-29,14,288,73.28
28-Feb-21,11.1,1.4,0,315369,0,20,3,3,2,4,1,2,2,3,-54,-2,65,-62,-25,12,238,34.28
1-Mar-21,10.3,1.2,0,320922,0,25,2,3,2,4,1,2,2,3,-51,-7,27,-69,-58,23,159,13.6
2-Mar-21,8.5,-0.8,0,333068,0,26,2,3,2,4,1,2,2,3,-51,0,18,-69,-57,24,232,132.8
3-Mar-21,5.9,4.5,0,345903,0,25,2,3,2,4,1,2,2,3,-53,-4,1,-70,-57,25,206,135.2
4-Mar-21,6.2,3.3,0.1,364597,0,26,2,3,2,4,1,2,2,3,-54,-4,-7,-71,-57,26,279,70.68
5-Mar-21,6.1,-2,0,382999,0,28,2,3,2,4,1,2,2,3,-53,2,12,-67,-55,25,244,93.28
6-Mar-21,9,-1.8,0,393405,0,23,2,3,2,4,1,2,2,3,-54,5,35,-65,-28,14,213,150.52
7-Mar-21,10.7,-2.6,0,394902,0,19,2,3,2,4,1,2,2,3,-53,-3,53,-63,-24,12,183,94
8-Mar-21,12.2,4.6,0.3,401524,0,25,2,3,2,4,1,2,2,3,-49,-4,18,-68,-57,23,135,129.48
9-Mar-21,10.8,6,0.7,415293,0,26,2,3,2,4,1,2,2,3,-52,-3,6,-69,-57,24,249,87.6
10-Mar-21,13.3,7.3,6.2,428961,0,26,2,3,2,4,1,2,2,3,-55,-7,-31,-71,-57,26,252,39.44
11-Mar-21,9.5,2.6,6.1,447364,0,27,2,3,2,4,1,2,2,3,-54,-3,-18,-70,-56,26,243,195.96
12-Mar-21,8.8,1.6,6.1,464632,0,31,2,3,2,4,1,2,2,3,-51,5,1,-68,-54,25,234,102.52
13-Mar-21,8.5,3.2,3.7,472873,0,25,2,3,2,4,1,2,2,3,-52,14,10,-65,-25,14,145,106.64
14-Mar-21,10.9,4.1,1.2,473226,0,15,2,3,2,4,1,2,2,3,-60,-7,-32,-70,-17,13,230,5.76
15-Mar-21,13.4,6,3.3,475817,0,28,2,3,2,4,1,2,2,3,-48,-5,20,-66,-56,22,157,116
16-Mar-21,14.9,4.9,0.3,484703,0,33,2,3,2,4,1,2,2,3,-42,15,78,-63,-55,20,228,111.12
17-Mar-21,14.6,2.5,0.1,489555,0,17,2,3,2,4,1,2,2,3,-53,-7,145,-73,-80,30,260,101.48
18-Mar-21,15.1,8.5,0.2,501211,0,28,2,3,2,4,1,2,2,3,-52,-2,17,-69,-57,25,215,46.76
19-Mar-21,13.2,3.2,0,511500,0,32,2,3,2,4,1,2,2,3,-51,4,42,-65,-54,24,264,103.2
20-Mar-21,13.5,4.6,0,516672,0,22,2,3,2,4,1,2,2,3,-56,3,29,-65,-26,15,283,97.72
21-Mar-21,13.3,6.5,0.1,520259,0,19,2,3,2,4,1,2,2,3,-53,-2,51,-64,-21,12,242,20.64
22-Mar-21,10.4,7.7,0,527600,0,28,2,3,2,4,1,2,2,3,-49,-5,14,-67,-55,22,152,126.68
23-Mar-21,13.1,5.2,1.3,540103,0,29,2,3,2,4,1,2,2,3,-48,1,24,-67,-55,22,301,128.24
24-Mar-21,13.1,4.4,0.1,553652,0,31,2,3,2,4,1,2,2,3,-49,1,26,-67,-55,23,247,170.68
25-Mar-21,12.8,6.6,0,574449,0,31,2,3,2,4,1,2,2,3,-49,2,6,-68,-54,24,212,101.52
26-Mar-21,9.8,1.9,2.3,594084,0,34,2,3,2,4,1,2,2,3,-51,3,-5,-67,-53,25,302,89.52
27-Mar-21,11.1,1.9,1.1,605762,0,23,2,3,2,4,1,2,2,3,-54,5,13,-66,-24,15,220,82.56
28-Mar-21,15.9,10.4,1,618220,0,17,2,3,2,4,1,2,2,3,-57,-9,-3,-68,-24,14,250,23.92
29-Mar-21,17.5,11.8,0,630678,0,26,2,3,2,4,1,2,2,3,-44,-2,78,-65,-59,22,125,110.4
30-Mar-21,16.4,6.5,0,646412,0,30,2,3,2,4,1,2,2,3,-43,6,125,-63,-57,21,144,105.92
31-Mar-21,15.5,5.7,0,666024,0,28,2,3,2,4,1,2,2,3,-45,5,55,-66,-58,23,364,123.52
1-Apr-21,9.4,7.3,0,686093,0,30,2,3,2,4,1,2,2,3,-44,11,13,-67,-58,24,280,116.16
2-Apr-21,10.2,1.3,0,693584,0,28,2,3,2,4,1,2,2,3,-47,12,79,-66,-66,26,243,87.16
3-Apr-21,12.3,-0.7,0,696567,0,24,2,3,2,4,1,2,2,3,-53,14,62,-61,-26,12,173,124.12
4-Apr-21,14,0,0,699947,0,16,2,3,2,4,1,2,2,3,-69,-29,35,-66,-21,12,152,21.12
5-Apr-21,8.2,-0.2,0.1,711853,0,15,2,3,2,4,1,2,2,3,-51,-15,53,-77,-82,30,207,109.76
6-Apr-21,8.5,-1.5,0.3,730117,0,25,2,3,2,4,1,2,2,3,-48,1,21,-69,-61,24,193,124.8
7-Apr-21,8.6,0.6,0.3,750216,0,26,2,3,2,4,1,2,2,3,-50,-3,21,-69,-60,25,162,51.72
8-Apr-21,11.5,5.1,0.9,770851,0,25,2,3,2,4,1,2,2,3,-51,-2,13,-69,-59,25,227,127.96
9-Apr-21,8.4,0.3,2.4,781951,0,28,2,3,2,4,1,2,2,3,-52,-1,15,-68,-57,25,197,103.44
10-Apr-21,8.8,-2.9,0.1,784759,0,23,2,3,2,4,1,2,2,3,-54,4,36,-64,-23,14,137,88.68
11-Apr-21,9.3,-2.2,2.8,792471,0,19,2,3,2,4,1,2,2,3,-54,-4,21,-66,-22,13,175,165.6
12-Apr-21,10.8,2.7,1.2,803908,0,37,1,3,2,4,1,2,2,3,-47,-4,15,-64,-53,20,163,91.16
13-Apr-21,12,1.3,0.1,824181,0,39,1,3,2,4,1,2,2,3,-45,4,61,-62,-52,19,159,118.8
14-Apr-21,12.5,2.2,0,851221,0,41,1,3,2,4,1,2,2,3,-45,4,81,-61,-53,20,106,141.84
15-Apr-21,13.3,0.3,0,879122,0,42,1,3,2,4,1,2,2,3,-47,3,43,-63,-52,21,147,91.36
16-Apr-21,13.5,-0.6,0,894907,0,45,1,3,2,4,1,2,2,3,-46,6,49,-61,-50,20,157,95.48
17-Apr-21,14.4,-1,0,895934,0,37,1,3,2,4,1,2,2,3,-48,8,97,-54,-23,10,112,98.28
18-Apr-21,12,5,0.9,902616,0,22,1,3,2,4,1,2,2,3,-53,-3,16,-65,-23,12,172,13.68
19-Apr-21,13.5,4.7,0.6,917613,0,35,1,3,2,4,1,2,2,3,-44,-2,43,-62,-52,20,171,121.96
20-Apr-21,12.1,7.5,0.8,944227,0,38,1,3,2,4,1,2,2,3,-44,5,57,-62,-51,20,178,141.2
21-Apr-21,13.5,3.8,0,975779,0,39,1,3,2,4,1,2,2,3,-45,4,67,-61,-51,20,233,127.16
22-Apr-21,14.2,3,0,1009295,0,43,1,3,2,4,1,2,2,3,-44,5,76,-61,-50,20,214,139.2
23-Apr-21,15.7,1.7,0,1032899,0,46,1,3,2,4,1,2,2,3,-45,10,73,-60,-48,19,203,105.44
24-Apr-21,16.1,3.4,0,1042598,0,33,1,3,2,4,1,2,2,3,-48,10,111,-52,-21,9,168,79.12
25-Apr-21,11.7,3.5,0,1058105,0,27,1,3,2,4,1,2,2,3,-48,3,68,-58,-21,9,160,27.32
26-Apr-21,17,1.3,0,1083941,0,40,1,3,2,4,1,2,2,3,-42,1,98,-59,-50,18,153,156
27-Apr-21,12,7,2,1109893,0,39,1,3,2,4,1,2,2,3,-45,4,42,-63,-50,19,127,131.72
28-Apr-21,11,4.7,0,1141508,0,42,1,3,2,4,1,2,2,3,-45,4,39,-63,-50,20,167,144.4
29-Apr-21,10.9,1,2.4,1177535,0,42,1,3,2,4,1,2,2,3,-45,6,30,-63,-50,21,263,132.68
30-Apr-21,10,-0.6,1.3,1194010,0,43,1,3,2,4,1,2,2,3,-44,12,41,-60,-50,20,162,108.72
1-May-21,11.7,-0.2,0,1206381,0,30,1,3,2,4,1,2,2,3,-49,10,59,-58,-23,10,173,116.28
2-May-21,13.4,2.2,0,1220555,0,23,1,3,2,4,1,2,2,3,-49,-3,48,-59,-21,9,212,103.68
3-May-21,13.2,5.3,12,1247094,0,15,1,3,2,4,1,2,2,3,-51,-16,-13,-78,-83,30,130,81.88
4-May-21,11.5,3,1,1279135,0,36,1,3,2,4,1,2,2,3,-43,7,38,-64,-54,20,165,68.36
5-May-21,11.2,0.5,3,1316428,0,38,1,3,2,4,1,2,2,3,-47,2,19,-64,-51,21,171,153.44
6-May-21,12.7,-0.9,0,1356993,0,42,1,3,2,4,1,2,2,3,-44,5,49,-62,-50,20,193,105.64
7-May-21,12.2,0.7,0,1382496,0,44,1,3,2,4,1,2,2,3,-44,8,65,-60,-47,19,203,113.08
8-May-21,19.2,5.7,15.7,1402101,0,27,1,3,2,4,1,2,2,3,-49,7,56,-59,-21,11,253,97.2
9-May-21,14.7,8.9,0,1430971,0,21,1,3,2,4,1,2,2,3,-50,-1,23,-63,-22,11,180,29.76
10-May-21,15.9,8.3,3.6,1464935,0,41,1,2,2,3,1,0,0,3,-37,0,25,-60,-49,18,166,152.52
11-May-21,15.7,4.9,0,1496244,0,48,1,2,2,3,1,0,0,3,-34,10,97,-56,-48,16,228,139.16
12-May-21,12.7,2.6,2.6,1532252,0,44,1,2,2,3,1,0,0,3,-38,6,31,-58,-50,19,197,83.84
13-May-21,14.8,2.6,0,1570560,0,44,1,2,2,3,1,0,0,3,-37,8,55,-58,-49,18,242,140.52
14-May-21,14.8,4.2,0,1599287,0,47,1,2,2,3,1,0,0,3,-39,10,48,-56,-47,17,217,86.16
15-May-21,13.1,7.1,8.4,1622371,0,28,1,2,2,3,1,0,0,3,-47,6,15,-56,-22,9,109,108.4
16-May-21,15.1,4,1,1657759,0,24,1,2,2,3,1,0,0,3,-45,0,54,-52,-19,7,109,47.4
17-May-21,16,4.9,2.2,1696798,0,42,1,2,2,3,1,0,0,3,-25,5,43,-52,-49,16,131,129.048
18-May-21,14.7,3.7,8.4,1733882,0,47,1,2,2,3,1,0,0,3,-26,11,46,-52,-48,17,190,124.88
19-May-21,17,4.5,0.1,1772934,0,47,1,2,2,3,1,0,0,3,-26,12,76,-52,-48,16,154,150
20-May-21,14.6,9,8.2,1813551,0,48,1,2,2,3,1,0,0,3,-36,7,-16,-59,-49,20,203,110.48
21-May-21,11.6,8.4,10,1843530,0,55,1,2,2,3,1,0,0,3,-37,12,-11,-55,-47,19,143,80.88
22-May-21,13.9,3.5,0,1861861,0,34,1,2,2,3,1,0,0,3,-34,16,57,-43,-16,6,169,107.6
23-May-21,13.9,3.2,4.8,1892694,0,21,1,2,2,3,1,0,0,3,-40,2,-9,-53,-21,9,121,28.08
24-May-21,16,2.8,0,1926074,0,41,1,2,2,3,1,0,0,3,-27,8,64,-53,-49,16,113,117.4
25-May-21,16,6.1,2.7,1948922,0,45,1,2,2,3,1,0,0,3,-29,12,55,-53,-48,16,160,124.48
26-May-21,16.7,6.3,0,1966328,0,46,1,2,2,3,1,0,0,3,-28,14,88,-53,-48,16,120,181.44
27-May-21,18,5.1,4.6,1994729,0,52,1,2,2,3,1,0,0,3,-31,12,30,-55,-49,18,155,47.2
28-May-21,14.3,11,8.6,2019591,0,54,1,2,2,3,1,0,0,3,-33,17,4,-53,-47,17,155,98.44
29-May-21,18,9.4,0,2043939,0,34,1,2,2,3,1,0,0,3,-36,16,80,-42,-17,4,130,134.08
30-May-21,22.4,7.8,0,2069765,0,34,1,2,2,3,1,0,0,3,-37,8,89,-40,-21,2,114,67.24
31-May-21,21,7.7,0,2100733,0,42,1,2,2,3,1,0,0,3,-23,14,108,-52,-51,15,113,134.24
1-Jun-21,20.9,11.8,0,2123218,0,44,1,2,2,3,1,0,0,3,-22,20,129,-50,-50,15,124,188.6
2-Jun-21,19,11.5,0,2141704,0,44,1,2,2,3,1,0,0,3,-27,16,51,-54,-50,17,168,100.6
3-Jun-21,19.9,10,0,2170698,0,48,1,2,2,3,1,0,0,3,-25,18,77,-51,-50,16,164,76.28
4-Jun-21,20.1,9.6,0,2191507,0,55,1,2,2,3,1,0,0,3,-30,17,60,-50,-51,14,148,106.64
5-Jun-21,19.8,8.2,0.1,2211333,0,27,1,2,2,3,1,0,0,3,-40,8,31,-45,-21,4,93,166.44
6-Jun-21,17.5,6.1,0,2230996,0,21,1,2,2,3,1,0,0,3,-40,-3,37,-46,-22,2,86,45.84
7-Jun-21,20.2,9.2,0,2257279,0,19,1,2,1,3,1,0,0,3,-21,-4,116,-58,-82,14,74,110.12
8-Jun-21,19.8,11.9,0,2290058,0,36,1,2,1,3,1,0,0,3,-22,15,70,-53,-54,14,80,107.6
9-Jun-21,22.5,15.4,0,2317831,0,40,1,2,1,3,1,0,0,3,-24,12,60,-52,-51,15,89,159.56
10-Jun-21,22.5,13.6,0,2344123,0,42,1,2,1,3,1,0,0,3,-24,12,55,-52,-50,15,77,164.12
11-Jun-21,18.9,11,0,2356274,0,46,1,2,1,3,1,0,0,3,-28,12,46,-50,-48,13,98,70.72
12-Jun-21,20,10.1,0,2365550,0,27,1,2,1,3,1,0,0,3,-33,9,57,-42,-15,3,86,63.92
13-Jun-21,25.6,13.4,0,2381458,0,25,1,2,1,3,1,0,0,3,-35,1,57,-41,-18,1,80,19.04
14-Jun-21,18.7,10.7,0.2,2396179,0,35,1,2,1,3,1,0,0,3,-22,9,50,-53,-51,14,83,150.36
15-Jun-21,23.4,7.1,0,2409648,0,39,1,2,1,3,1,0,0,3,-20,15,102,-50,-49,13,114,127.16
16-Jun-21,18.9,11.2,1.1,2431573,0,41,1,2,1,3,1,0,0,3,-23,12,45,-52,-50,14,107,139.48
17-Jun-21,19.3,8,0,2443980,0,40,1,2,1,3,1,0,0,3,-23,12,45,-53,-50,14,125,95.2
18-Jun-21,16.7,5.7,0,2450568,0,46,1,2,1,3,1,0,0,3,-26,11,42,-50,-48,12,119,122.68
19-Jun-21,17.8,5.3,0,2459143,0,31,1,2,1,3,1,0,0,3,-31,10,53,-40,-14,2,94,113.4
20-Jun-21,17.4,10.9,0,2475011,0,21,1,2,1,3,1,0,0,3,-29,4,37,-45,-14,1,75,57.12
21-Jun-21,18.4,9.4,0,2490709,0,34,1,2,1,3,1,0,0,3,-22,6,65,-53,-51,14,106,107.76
22-Jun-21,18.5,5.2,0.3,2511485,0,40,1,2,1,3,1,0,0,3,-22,12,77,-52,-49,14,131,112.32
23-Jun-21,19.1,10,8,2531367,0,41,1,2,1,3,1,0,0,3,-28,7,11,-54,-50,16,99,151.96
24-Jun-21,19.5,11.6,3.9,2547202,0,43,1,2,1,3,1,0,0,3,-25,9,18,-55,-50,16,116,125.68
25-Jun-21,14.2,9.8,0.6,2556588,0,42,1,2,1,3,1,0,0,3,-28,10,11,-53,-48,14,156,124.56
26-Jun-21,15.2,9.5,0,2565269,0,27,1,2,1,3,1,0,0,3,-31,7,32,-44,-12,3,121,106.76
27-Jun-21,18.8,7.6,0,2589837,0,21,1,2,1,3,1,0,0,3,-29,0,48,-44,-13,2,121,26.56
28-Jun-21,20.8,9.3,0,2618607,0,32,1,2,1,3,1,0,0,3,-20,7,61,-53,-52,13,157,104
29-Jun-21,23.4,10.5,0,2641546,0,40,1,2,1,3,1,0,0,3,-22,10,97,-53,-51,12,168,126.48
30-Jun-21,20.3,10.4,0,2656896,0,42,1,2,1,3,1,0,0,3,-21,10,77,-51,-51,12,179,169.56
1-Jul-21,20.1,9.2,0,2671170,0,39,1,2,1,3,1,0,0,3,-21,8,53,-53,-53,15,211,93.12
2-Jul-21,20.2,10.9,0,2680829,0,43,1,2,1,3,1,0,0,3,-27,8,35,-52,-50,13,205,13.76
3-Jul-21,19.8,13.1,1,2687386,0,25,1,2,1,3,1,0,0,3,-33,6,15,-44,-12,4,165,23.88
4-Jul-21,20.8,12.9,12,2708086,0,20,1,2,1,3,0,0,0,3,-31,-4,5,-47,-14,4,138,170.8
5-Jul-21,20,10.4,0.1,2725768,0,33,1,2,1,3,0,0,0,3,-19,6,61,-53,-54,14,146,58.56
6-Jul-21,17.8,10.1,25.6,2750300,0,39,1,2,1,3,0,0,0,3,-26,4,4,-56,-53,16,214,78.32
7-Jul-21,20.8,11.9,0,2773887,0,34,1,2,1,3,0,0,0,3,-22,9,48,-52,-53,14,186,96.16
8-Jul-21,19.1,12.8,0,2793766,0,36,1,2,1,3,0,0,0,3,-22,7,40,-53,-53,15,219,86.92
9-Jul-21,17.7,14.2,0,2806596,0,39,1,2,1,3,0,0,0,3,-27,6,27,-52,-51,14,225,88.8
10-Jul-21,20,11.9,0,2823880,0,27,1,2,1,3,0,0,0,3,-31,6,47,-40,-11,2,167,107.12
11-Jul-21,17.1,12.3,12.2,2846918,0,20,1,2,1,3,0,0,0,3,-37,-4,-30,-50,-14,4,161,79.6
12-Jul-21,20.8,14,0.4,2875336,0,29,1,2,1,3,0,0,0,3,-20,4,44,-54,-55,15,143,132.12
13-Jul-21,20.5,12.2,0,2905303,0,34,1,2,1,3,0,0,0,3,-20,9,78,-52,-53,14,295,119.2
14-Jul-21,23,11.6,0,2938322,0,36,1,2,1,3,0,0,0,3,-21,8,78,-50,-53,14,327,140.52
15-Jul-21,25,14.9,0,2970878,0,36,1,2,1,3,0,0,0,3,-22,7,60,-51,-53,14,440,119.52
16-Jul-21,25.4,14.3,0,2986924,0,38,1,2,1,3,0,0,0,3,-26,9,62,-48,-51,11,443,109.6
17-Jul-21,28,13.8,0,3005619,0,25,1,2,1,3,0,0,0,3,-37,6,62,-35,-12,0,426,66.6
18-Jul-21,25.1,15.3,0,3036571,0,21,1,2,1,3,0,0,0,3,-33,0,43,-38,-12,0,302,42.04
19-Jul-21,24.2,15.1,0,3074683,0,30,1,2,1,3,0,0,0,3,-20,8,75,-47,-56,12,380,144.88
20-Jul-21,24.5,13.9,0,3111706,0,32,1,2,1,3,0,0,0,3,-19,12,104,-47,-54,12,289,105
21-Jul-21,26.2,13.6,0,3152006,0,35,1,2,1,3,0,0,0,3,-22,10,85,-47,-54,13,412,134.52
22-Jul-21,26.5,12.6,0,3184545,0,34,1,2,1,3,0,0,0,3,-21,8,58,-49,-54,13,414,95.08
23-Jul-21,24.9,15.4,0,3202131,0,37,1,2,1,3,0,0,0,3,-26,7,49,-46,-52,12,455,96.8
24-Jul-21,20.3,11.4,0,3217813,0,27,1,2,1,3,0,0,0,3,-32,4,44,-35,-11,1,328,72.12
25-Jul-21,25.4,10.2,0,3244925,0,19,1,2,1,3,0,0,0,3,-29,-3,44,-34,-10,0,360,56.08
26-Jul-21,20.1,12.1,0,3273917,0,27,1,2,1,3,0,0,0,3,-18,3,41,-49,-56,13,276,89.52
27-Jul-21,20.7,12.6,1.8,3300483,0,34,1,2,1,3,0,0,0,3,-20,5,27,-51,-55,15,495,117.72
28-Jul-21,18.2,11.1,6.6,3322573,0,37,1,2,1,3,0,0,0,3,-21,5,6,-50,-54,15,437,176.38
29-Jul-21,19.3,10.3,0,3346484,0,33,1,2,1,3,0,0,0,3,-18,7,33,-48,-54,14,507,80.08
30-Jul-21,18.2,12.9,21.4,3361031,0,43,1,2,1,3,0,0,0,3,-27,2,-15,-47,-54,14,476,129.8
31-Jul-21,19.4,12.9,2.5,3372401,0,23,1,2,1,3,0,0,0,3,-31,0,0,-35,-13,2,415,78.6
1-Aug-21,18.7,11.7,0,3387725,0,17,1,2,1,3,0,0,0,3,-25,-9,17,-34,-11,1,338,95.56
2-Aug-21,17.8,8.4,0,3406056,0,15,1,2,1,3,0,0,0,3,-15,-8,57,-55,-81,17,298,102.44
3-Aug-21,17.5,9.4,3,3429617,0,29,1,2,1,3,0,0,0,3,-17,10,46,-48,-57,14,222,98.76
4-Aug-21,22.5,9.7,0,3444455,0,31,1,2,1,3,0,0,0,3,-19,5,50,-47,-55,14,381,111.6
5-Aug-21,21.2,14.2,7.8,3457475,0,34,1,2,1,3,0,0,0,3,-24,0,-14,-52,-56,17,885,107.24
6-Aug-21,18.8,14.2,2.2,3464324,0,37,1,2,1,3,0,0,0,3,-25,3,9,-46,-53,14,559,110.28
7-Aug-21,17.4,14.2,8.4,3473044,0,29,1,2,1,3,0,0,0,3,-32,-2,-17,-38,-11,4,533,125.24
8-Aug-21,19.6,11.5,1.6,3479099,0,22,1,2,1,3,0,0,0,3,-22,-3,14,-32,-8,3,394,52.24
9-Aug-21,18.9,10.8,1.5,3489043,0,29,1,2,1,3,0,0,0,3,-17,2,32,-47,-56,14,179,135.2
10-Aug-21,19.9,12.7,0,3496613,0,34,1,2,1,3,0,0,0,3,-16,7,71,-47,-54,13,301,116.2
11-Aug-21,20.3,9.1,3.5,3504138,0,31,1,2,1,3,0,0,0,3,-18,4,32,-47,-54,14,821,145.6
12-Aug-21,20.5,8.5,1.4,3515819,0,36,1,2,1,3,0,0,0,3,-18,4,31,-47,-54,14,583,183.76
13-Aug-21,21,12.3,0,3534150,0,37,1,2,1,3,0,0,0,3,-23,4,27,-44,-53,13,497,121.72
14-Aug-21,16.3,12.6,2.7,3551152,0,26,1,2,1,3,0,0,0,3,-29,-1,-16,-34,-11,3,562,68.76
15-Aug-21,19,11.8,0,3561642,0,23,1,2,1,3,0,0,0,3,-23,-4,11,-31,-8,2,188,42.96
16-Aug-21,17.6,12.4,0.5,3574983,0,29,1,2,1,3,0,0,0,3,-16,2,32,-46,-56,14,287,87.4
17-Aug-21,19.3,12.2,1,3590799,0,33,1,2,1,3,0,0,0,3,-16,7,56,-47,-55,14,609,119.44
18-Aug-21,17.5,11.3,0.1,3602648,0,34,1,2,1,3,0,0,0,3,-17,5,40,-46,-53,14,522,117.28
19-Aug-21,20.7,10.6,0.5,3618101,0,34,1,2,1,3,0,0,0,3,-18,4,25,-47,-53,14,475,126.44
20-Aug-21,20.5,14.3,2.4,3630150,0,45,1,2,1,3,0,0,0,3,-23,3,6,-43,-52,13,870,69.24
21-Aug-21,19.5,12.9,14,3638296,0,27,1,2,1,3,0,0,0,3,-28,0,-3,-34,-10,3,461,67.56
22-Aug-21,20.8,12.5,0.6,3649397,0,26,1,2,1,3,0,0,0,3,-19,-4,21,-27,-7,2,192,45
23-Aug-21,21.5,10.8,0,3659477,0,33,1,2,1,3,0,0,0,3,-13,4,75,-43,-54,13,365,99.16
24-Aug-21,21.2,12.1,0,3669147,0,37,1,2,1,3,0,0,0,3,-13,8,95,-45,-53,12,305,82.52
25-Aug-21,22.9,10.2,0,3678044,0,41,1,2,1,3,0,0,0,3,-14,8,80,-44,-52,13,535,190.96
26-Aug-21,22.5,11.3,0,3688143,0,40,1,2,1,3,0,0,0,3,-14,8,60,-44,-53,13,405,134
27-Aug-21,19.1,9.8,0,3698183,0,37,1,2,1,3,0,0,0,3,-18,8,49,-41,-50,11,625,112.36
28-Aug-21,20.8,9.8,0,3706993,0,29,1,2,1,3,0,0,0,3,-24,4,56,-26,-8,0,468,79.12
29-Aug-21,18.7,9.3,0,3712101,0,21,1,2,1,3,0,0,0,3,-21,1,18,-31,-9,2,179,9.52
30-Aug-21,15.9,12.1,0,3716265,0,38,1,2,1,3,0,0,0,3,-10,9,32,-43,-53,13,317,149.32
31-Aug-21,15.5,13.1,0,3721351,0,42,1,2,1,3,0,0,0,3,-13,13,49,-45,-51,13,478,98.36
1-Sep-21,17.6,11.7,0,3726569,0,43,1,2,1,3,0,0,0,3,-15,12,39,-43,-50,13,548,49.2
2-Sep-21,16.2,8.9,0,3731465,0,44,1,2,1,3,0,0,0,3,-17,10,26,-45,-50,14,478,88.6
3-Sep-21,16.9,9.9,0,3736201,0,47,1,2,1,3,0,0,0,3,-19,8,21,-41,-48,12,481,127.76
4-Sep-21,19.8,11.7,0,3741500,0,31,1,2,1,3,0,0,0,3,-20,5,42,-28,-8,2,316,121.08
5-Sep-21,22.3,13.1,0,3743693,0,24,1,2,1,3,0,0,0,3,-15,3,39,-27,-8,2,258,40
6-Sep-21,23.6,12.7,0,3746855,0,40,1,2,1,3,0,0,0,3,-14,7,70,-41,-51,12,626,126.08
7-Sep-21,22.3,14.6,0,3749615,0,51,1,2,1,3,0,0,0,3,-10,13,90,-40,-50,11,555,99.72
8-Sep-21,23.4,14.2,0,3752837,0,48,1,2,1,3,0,0,0,3,-17,10,38,-43,-49,13,476,110.32
9-Sep-21,21.1,15.7,4.7,3756305,0,50,1,2,1,3,0,0,0,3,-18,8,20,-43,-49,13,436,108.84
10-Sep-21,20.3,15.2,0,3758905,0,48,1,2,1,3,0,0,0,3,-18,8,24,-38,-47,11,191,68.36
11-Sep-21,20.3,12.7,0,3760931,0,36,1,2,1,3,0,0,0,3,-18,5,39,-22,-8,2,467,156
12-Sep-21,14.9,10.3,0,3762563,0,24,1,2,1,3,0,0,0,3,-18,2,14,-28,-10,3,418,143.8
13-Sep-21,17.9,10.3,0.5,3764169,0,40,1,2,1,3,0,0,0,3,-15,6,28,-41,-51,13,393,119.96
14-Sep-21,20.5,13.6,0,3767553,0,47,1,2,1,3,0,0,0,3,-14,11,71,-41,-50,12,377,99.76
15-Sep-21,19,11.7,0.1,3769550,0,49,1,2,1,3,0,0,0,3,-16,10,35,-41,-49,13,434,126.64
16-Sep-21,21.6,8.5,0,3772182,0,51,1,2,1,3,0,0,0,3,-15,8,33,-41,-50,12,378,100.56
17-Sep-21,19.3,12.3,2.6,3774496,0,57,1,2,1,3,0,0,0,3,-18,7,9,-38,-48,12,437,94.52
18-Sep-21,18.1,10.4,0,3776361,0,34,1,2,1,3,0,0,0,3,-20,6,44,-23,-10,1,404,96.76
19-Sep-21,19.5,9.3,0,3777344,0,26,1,2,1,3,0,0,0,3,-17,4,41,-26,-11,2,335,48.88
20-Sep-21,19.7,7.5,0,3778880,0,44,1,1,1,3,0,0,0,3,-14,6,43,-38,-49,12,557,89.4
21-Sep-21,18.1,11.5,0,3780863,0,49,1,1,1,3,0,0,0,3,-14,11,54,-39,-47,11,539,138.88
22-Sep-21,21.7,13.3,0,3782634,0,50,1,1,1,3,0,0,0,3,-15,11,45,-39,-45,12,441,120.52
23-Sep-21,20.5,12.2,1,3784616,0,50,1,1,1,3,0,0,0,3,-15,9,29,-38,-46,12,371,116.04
24-Sep-21,21.7,14.2,0,3787069,0,49,1,1,1,3,0,0,0,3,-17,9,23,-35,-45,10,430,71.52
25-Sep-21,23.1,15.7,0,3788606,0,32,1,1,1,3,0,0,0,3,-19,6,47,-24,-9,1,482,79.48
26-Sep-21,21.1,11.4,8.8,3789815,301,26,1,1,1,3,0,0,0,3,-19,1,14,-28,-12,3,332,36.8
27-Sep-21,16.9,8.1,10.2,3791340,821,44,1,1,1,3,0,0,0,3,-14,7,17,-38,-49,12,507,132.2
28-Sep-21,15.6,6.4,0,3793052,1500,52,1,1,1,3,0,0,0,3,-15,12,37,-39,-46,11,460,98.32
29-Sep-21,15.2,5.1,1.5,3794401,3224,55,1,1,1,3,0,0,0,3,-16,11,25,-40,-46,12,365,162.52
30-Sep-21,16.1,10.9,4,3796275,5970,53,1,1,1,3,0,0,0,3,-16,8,-1,-39,-46,12,343,79.6
1-Oct-21,14.1,8,2.5,3798020,7221,62,1,1,1,3,0,0,0,3,-15,10,11,-35,-44,11,439,71.53
2-Oct-21,14.2,6.8,0.4,3799231,8419,34,1,1,1,3,0,0,0,3,-17,10,19,-27,-10,2,259,106.8
3-Oct-21,15.8,7.5,3.3,3799580,13256,26,1,1,1,3,0,0,0,3,-16,3,4,-30,-13,3,159,151.72
4-Oct-21,15.7,7.5,3.2,3800608,21996,48,1,1,1,3,0,0,0,3,-14,7,19,-39,-47,12,345,96.28
5-Oct-21,15.4,6.8,1.3,3801618,34389,53,1,1,1,3,0,0,0,3,-13,15,32,-39,-45,11,283,131.04
6-Oct-21,17.4,6.9,0.6,3802867,46367,53,1,1,1,3,0,0,0,3,-15,11,11,-40,-44,12,343,114.24
7-Oct-21,20.4,15.8,0.3,3803890,58731,58,1,1,1,3,0,0,0,3,-15,9,15,-38,-44,12,549,129.04
8-Oct-21,20.1,14.9,2.4,3804638,65268,56,1,1,1,3,0,0,0,3,-15,11,22,-33,-43,10,627,133.32
9-Oct-21,18.3,8.5,1.2,3806164,66571,35,1,1,1,3,0,0,0,3,-16,9,29,-25,-9,2,321,107.2
10-Oct-21,15.7,6.5,0,3806506,73247,28,1,1,1,3,0,0,0,3,-14,4,28,-27,-12,3,308,38.8
11-Oct-21,15.6,5.7,0,3807085,83875,50,1,1,1,3,0,0,0,3,-14,8,34,-37,-45,11,401,201.28
12-Oct-21,15.3,8.3,0,3808125,95854,55,1,1,1,3,0,0,0,3,-11,12,33,-37,-43,11,580,94.16
13-Oct-21,13.1,10.6,0,3808833,110067,52,1,1,1,3,0,0,0,3,-15,10,17,-39,-43,12,515,163.44
14-Oct-21,14.6,11.4,0,3809792,121119,54,1,1,1,3,0,0,0,3,-15,8,8,-40,-43,12,445,102.6
15-Oct-21,13.6,7.6,1.2,3811174,129000,53,1,1,1,3,0,0,0,3,-14,6,18,-35,-42,10,570,114.72
16-Oct-21,15.8,7.7,3,3812885,130692,36,1,1,1,3,0,0,0,3,-16,2,25,-26,-10,3,367,81
17-Oct-21,18.6,11.6,0,3813557,135711,27,1,1,1,3,0,0,0,3,-14,0,22,-28,-12,3,336,77.28
18-Oct-21,19.6,13.9,0.5,3814895,145735,47,1,1,1,3,0,0,0,3,-13,3,26,-37,-44,12,658,96
19-Oct-21,19.2,10.5,3.5,3817140,155703,55,1,1,1,3,0,0,0,3,-14,7,29,-39,-43,11,583,126.84
20-Oct-21,13.2,7.1,6.3,3818903,167014,65,1,1,1,3,0,0,0,3,-15,6,6,-39,-43,12,632,164.68
21-Oct-21,12.6,3.3,0.1,3820398,175144,58,1,1,1,3,0,0,0,3,-11,6,6,-37,-43,11,527,111.6
22-Oct-21,13.5,6.8,0,3822404,176584,56,1,1,1,2,0,0,0,3,-13,6,7,-34,-43,10,615,94.72
23-Oct-21,14,9.5,0.1,3824348,177954,34,1,1,1,2,0,0,0,3,-18,1,11,-26,-13,2,424,119
24-Oct-21,17,9.8,0.5,3825564,178480,23,1,1,1,2,0,0,0,3,-12,-8,22,-24,-13,1,539,36.4
25-Oct-21,13.7,7.7,0,3826807,182999,22,1,1,1,2,0,0,0,3,-2,-8,58,-48,-81,18,454,75.6
26-Oct-21,17.7,10.2,0.5,3828362,190364,38,1,1,1,2,0,0,0,3,-10,7,29,-40,-52,13,465,128.84
27-Oct-21,18.1,14.8,12.7,3830507,197812,47,1,1,1,2,0,0,0,3,-12,2,-7,-42,-51,14,882,189.92
28-Oct-21,15.3,10.1,12.7,3832642,204488,55,1,2,2,1,0,0,0,3,-11,2,-5,-40,-51,14,711,98.24
29-Oct-21,13.2,8.5,8.3,3834646,206660,49,1,2,2,1,0,0,0,3,-11,5,15,-37,-49,12,597,118.44
30-Oct-21,12.5,4.5,0.1,3836271,207638,35,1,2,2,1,0,0,0,3,-14,7,32,-24,-9,2,314,114.76
31-Oct-21,13.4,7.7,10.5,3836400,209074,27,1,2,2,1,0,0,0,3,-19,3,3,-27,-10,4,930,39.2
1-Nov-21,10.9,4.3,3.6,3836529,210509,49,1,2,2,1,0,0,0,3,-15,2,-1,-37,-44,12,971,110.28
2-Nov-21,10,3.3,0.2,3837625,218886,57,1,2,2,1,0,0,0,3,-11,11,22,-38,-41,12,248,68.72
3-Nov-21,10.4,2.7,0.2,3840165,227509,59,1,2,2,1,0,0,0,3,-12,8,8,-39,-41,12,1460,116.2
4-Nov-21,10.3,3.3,0,3841712,239737,59,1,2,2,1,0,0,0,3,-12,6,6,-38,-42,12,1367,47.44
5-Nov-21,11.4,7,0,3843339,254032,56,1,2,2,1,0,0,0,3,-13,6,8,-32,-41,12,1228,143.08
6-Nov-21,13.8,7.9,0.8,3845163,265378,41,1,2,2,1,0,0,0,3,-12,3,6,-26,-10,4,776,111.76
7-Nov-21,11.4,4.2,0,3845890,276629,28,1,2,2,1,0,0,0,3,-11,2,19,-24,-12,3,1145,32.08
8-Nov-21,16.6,5.6,2.7,3846400,291356,50,1,2,2,1,0,0,0,3,-13,6,9,-37,-44,13,1156,123.36
9-Nov-21,14.3,9.9,0.2,3847782,314619,55,1,2,2,1,0,0,0,3,-11,9,25,-39,-41,12,843,90.68
10-Nov-21,12.1,6.8,0,3849409,341502,57,1,2,2,1,0,0,0,3,-12,8,15,-38,-41,12,923,114.28
11-Nov-21,15.1,5.1,1,3850814,371493,62,1,2,2,1,0,0,0,3,-5,6,6,-35,-42,12,1450,128.72
12-Nov-21,13.7,10.5,0.2,3851979,397590,58,1,2,2,1,0,0,0,3,-13,6,3,-33,-41,12,1270,117.88
13-Nov-21,12.5,10.1,0,3853396,417469,41,1,2,2,1,0,0,0,3,-9,4,24,-21,-9,3,1217,91.12
14-Nov-21,14.8,7.8,0,3855045,426609,29,1,2,2,1,0,0,0,3,-12,1,18,-22,-13,4,1384,58.36
15-Nov-21,12.1,7.3,1.9,3856292,441517,49,1,2,2,1,0,0,0,3,-11,5,12,-36,-43,12,1375,172.64
16-Nov-21,11.4,6.7,0.1,3857619,469667,53,1,2,2,1,0,0,0,3,-11,9,15,-40,-42,12,1212,129.84
17-Nov-21,11.5,6.9,0,3859140,502852,53,1,2,2,1,0,0,0,3,-11,7,9,-40,-42,13,1220,180.68
18-Nov-21,13.8,10.8,0,3860817,540934,53,1,2,2,1,0,0,0,3,-11,6,4,-38,-42,13,1090,123.32
19-Nov-21,12.7,9,0,3862000,572308,55,1,2,2,1,0,0,0,3,-11,7,16,-33,-42,12,1708,70.52
20-Nov-21,12.3,4.1,0.5,3863549,593500,39,1,2,2,1,0,0,0,3,-14,4,14,-26,-10,4,1237,106.76
21-Nov-21,8.7,1.3,0.1,3865335,606725,34,1,2,2,1,0,0,0,3,-5,1,19,-17,-14,4,1733,52.2
22-Nov-21,8.5,-1.4,0,3866051,623245,45,1,2,2,1,0,0,0,3,-8,5,12,-35,-45,13,1434,140
23-Nov-21,7.4,-0.1,0,3868224,656313,49,1,2,2,1,0,0,0,3,-10,8,12,-40,-44,14,1255,125.76
24-Nov-21,7.5,0.8,0.7,3869847,691667,57,1,2,2,1,0,0,0,3,-13,6,-8,-42,-44,15,1445,144
25-Nov-21,7.8,-0.3,0,3870862,732299,54,1,2,2,1,0,0,0,3,-8,7,-4,-40,-44,14,1320,143.84
26-Nov-21,8.2,2.4,0.7,3872167,768077,62,1,2,2,1,0,0,0,3,-11,9,-9,-35,-43,13,1857,86.48
27-Nov-21,5.1,0.7,0,3873406,792514,37,1,2,2,1,0,0,0,3,-12,3,8,-27,-10,4,1156,99
28-Nov-21,5.2,0.7,0,3875376,808457,28,1,2,2,1,0,0,0,3,-7,-1,-4,-21,-13,4,1300,50.52
29-Nov-21,9.5,2.1,0.1,3875924,829958,46,1,2,2,1,0,0,0,3,-6,5,-3,-37,-46,14,2009,125.64
30-Nov-21,11.2,8.5,4.5,3877867,868543,53,1,2,2,1,0,0,0,3,-10,7,0,-42,-44,14,972,105.32
1-Dec-21,8.6,1.7,0.1,3878983,907493,51,1,2,2,1,0,0,0,3,-10,9,-5,-42,-43,14,1347,77.92
2-Dec-21,8.4,1.4,8.5,3880783,947212,51,1,2,2,1,0,0,0,3,-11,6,-6,-42,-44,15,1176,98.4
3-Dec-21,9.5,6.1,1.1,3881837,983197,58,1,2,2,1,0,0,0,3,-10,6,3,-37,-43,13,1737,78
4-Dec-21,6.2,2.1,0,3883042,1006449,37,1,2,2,1,0,0,0,3,-12,5,8,-27,-7,4,1633,100.36
5-Dec-21,6.6,0.1,0,3884396,1021608,28,1,2,2,1,0,0,0,3,-8,1,10,-26,-12,4,1107,123.36
6-Dec-21,7.6,2,2.2,3885340,1043652,52,1,2,2,1,0,0,0,3,-4,9,1,-39,-46,13,1778,121.96
7-Dec-21,9,1.9,12.2,3885825,1072695,27,1,2,2,3,0,0,0,3,-30,-8,-40,-57,-57,22,1467,105.08
8-Dec-21,6.4,2.8,10.1,3886642,1109681,36,1,2,2,3,0,0,0,3,-16,2,-30,-51,-51,19,1458,118.76
9-Dec-21,10,2.6,1.3,3887441,1155686,61,1,2,2,3,0,0,0,3,-7,8,-8,-42,-42,14,1400,67.4
10-Dec-21,6,1.5,0,3888333,1196630,61,1,2,2,3,0,0,0,3,-9,8,5,-37,-40,13,1541,127.2
11-Dec-21,13.2,5.2,1.2,3888972,1225696,38,1,2,2,3,0,0,0,3,-9,5,6,-24,-3,4,1288,148.36
12-Dec-21,13.8,7.8,0.4,3889664,1252116,28,1,2,2,3,0,0,0,3,-6,1,9,-26,-6,4,1566,58.56
13-Dec-21,8,-0.3,0,3890382,1283670,47,1,2,2,3,0,0,0,3,-1,9,8,-38,-44,13,1484,112.84
14-Dec-21,9,-0.1,0,3891005,1337013,56,1,2,2,3,0,0,0,3,1,15,26,-38,-42,12,1769,166.64
15-Dec-21,11.5,7.2,0.1,3891801,1394318,62,1,2,2,3,0,0,0,3,2,14,17,-37,-42,13,1467,180.32
16-Dec-21,11.8,4.2,0,3892868,1460245,57,1,2,2,3,0,0,0,3,1,12,7,-38,-42,13,1148,102.76
17-Dec-21,9.2,3,0.1,3894074,1525727,63,1,2,2,3,0,0,0,3,-4,11,11,-35,-41,12,2839,128.76
18-Dec-21,9.1,2.9,0,3895344,1571584,41,1,2,2,3,0,0,0,3,-7,10,17,-19,-2,3,2010,97.76
19-Dec-21,7.8,1.5,0,3895904,1626088,29,1,2,2,3,0,0,0,3,-2,4,1,-22,-1,4,1535,71.36
20-Dec-21,7.8,6.2,0,3896447,1718619,50,1,2,2,4,0,0,0,3,13,21,10,-36,-46,12,2004,113.48
21-Dec-21,6.9,5,0,3897917,1847201,56,1,2,2,4,0,0,0,3,14,28,21,-36,-46,12,2460,123.6
22-Dec-21,10.4,5.4,5.3,3899177,1978993,57,1,2,2,4,0,0,0,3,13,32,-11,-37,-50,14,1801,179.24
